STATE,COUNTY,Tract #,Tract Name,Tract Land Area,Tract Water Area,Latitude,Longitude,Population,Median 2010 HH Income,Median # Rooms,Median Value (owner occupied),Median Value per Room,Population Density,
New Jersey,Essex County,100,"Census Tract 1, Essex County, New Jersey",938839,6573,40.7824421,-74.1691007,6571,42129,4,350800,87700,699.9070128,
New Jersey,Essex County,1000,"Census Tract 10, Essex County, New Jersey",530442,0,40.7477334,-74.1824077,4545,22714,4.4,327600,74454.54545,856.8326038,
New Jersey,Essex County,10000,"Census Tract 100, Essex County, New Jersey",793040,0,40.7795951,-74.2148655,2550,55496,4.5,276900,61533.33333,321.5474629,
New Jersey,Essex County,10100,"Census Tract 101, Essex County, New Jersey",762551,0,40.7781684,-74.2063475,2587,77246,5.7,266900,46824.5614,339.2559973,
New Jersey,Essex County,10200,"Census Tract 102, Essex County, New Jersey",927188,0,40.7722097,-74.1976056,4716,50458,5.2,257900,49596.15385,508.6347105,
New Jersey,Essex County,10300,"Census Tract 103, Essex County, New Jersey",572732,0,40.7662594,-74.1986428,3677,40747,4.5,279600,62133.33333,642.0105739,
New Jersey,Essex County,10400,"Census Tract 104, Essex County, New Jersey",609816,0,40.7719173,-74.2102845,4848,42929,3.4,123000,36176.47059,794.9938998,
New Jersey,Essex County,10500,"Census Tract 105, Essex County, New Jersey",489578,0,40.7697858,-74.2164291,4783,40228,3.9,267300,68538.46154,976.9638342,
New Jersey,Essex County,10600,"Census Tract 106, Essex County, New Jersey",495313,0,40.7644717,-74.2095966,4026,34792,3.3,195500,59242.42424,812.8193688,
New Jersey,Essex County,10700,"Census Tract 107, Essex County, New Jersey",459470,0,40.7618383,-74.203044,3999,45059,4.6,273400,59434.78261,870.3506214,
New Jersey,Essex County,10800,"Census Tract 108, Essex County, New Jersey",247984,0,40.7598251,-74.19741,2107,25243,5.2,224300,43134.61538,849.6515904,
New Jersey,Essex County,10900,"Census Tract 109, Essex County, New Jersey",958303,0,40.7541544,-74.205462,2828,26326,4.6,261400,56826.08696,295.1049929,
New Jersey,Essex County,1100,"Census Tract 11, Essex County, New Jersey",567202,0,40.7432193,-74.1824533,2986,35000,4.9,270800,55265.30612,526.4438419,
New Jersey,Essex County,11100,"Census Tract 111, Essex County, New Jersey",251402,0,40.7568692,-74.2116527,3488,28684,3.1,152100,49064.51613,1387.419352,
New Jersey,Essex County,11200,"Census Tract 112, Essex County, New Jersey",459808,0,40.7597698,-74.2160152,2968,20680,3.8,281400,74052.63158,645.4868119,
New Jersey,Essex County,11300,"Census Tract 113, Essex County, New Jersey",543622,0,40.7642911,-74.2205119,3489,43549,3.8,229200,60315.78947,641.8062551,
New Jersey,Essex County,11400,"Census Tract 114, Essex County, New Jersey",618373,0,40.7559293,-74.2309142,4758,49091,4.2,252400,60095.2381,769.4385104,
New Jersey,Essex County,11500,"Census Tract 115, Essex County, New Jersey",338614,0,40.7556999,-74.2259442,2875,41169,5.1,232600,45607.84314,849.04936,
New Jersey,Essex County,11600,"Census Tract 116, Essex County, New Jersey",303264,0,40.7557155,-74.2194905,3776,41800,4.9,216100,44102.04082,1245.119764,
New Jersey,Essex County,11700,"Census Tract 117, Essex County, New Jersey",571764,0,40.751681,-74.2187435,3516,49410,4.6,251700,54717.3913,614.9390308,
New Jersey,Essex County,11800,"Census Tract 118, Essex County, New Jersey",312581,0,40.7479986,-74.224495,1997,50391,4.9,283700,57897.95918,638.8744038,
New Jersey,Essex County,11900,"Census Tract 119, Essex County, New Jersey",344478,0,40.7272194,-74.2281907,1923,36813,3.2,254800,79625,558.2359396,
New Jersey,Essex County,12000,"Census Tract 120, Essex County, New Jersey",952702,0,40.7157048,-74.2467672,6303,49098,4.2,249500,59404.7619,661.5919773,
New Jersey,Essex County,12100,"Census Tract 121, Essex County, New Jersey",354591,0,40.7225776,-74.2440029,3556,40731,4.1,249700,60902.43902,1002.845532,
New Jersey,Essex County,12200,"Census Tract 122, Essex County, New Jersey",601316,0,40.7268685,-74.2413976,6115,51976,4.8,252800,52666.66667,1016.936187,
New Jersey,Essex County,12300,"Census Tract 123, Essex County, New Jersey",616140,0,40.7319565,-74.2346693,4695,40666,4.1,221700,54073.17073,762.0021424,
New Jersey,Essex County,12400,"Census Tract 124, Essex County, New Jersey",594479,0,40.7209998,-74.2374679,4378,23924,4.2,236500,56309.52381,736.4431712,
New Jersey,Essex County,12500,"Census Tract 125, Essex County, New Jersey",421348,0,40.7335568,-74.2267214,3957,43990,4.9,232200,47387.7551,939.1287012,
New Jersey,Essex County,12600,"Census Tract 126, Essex County, New Jersey",402054,0,40.7351017,-74.2214596,3258,41288,4.7,233500,49680.85106,810.3389097,
New Jersey,Essex County,12700,"Census Tract 127, Essex County, New Jersey",648690,0,40.7117938,-74.2342808,4002,52851,5,269700,53940,616.9356704,
New Jersey,Essex County,12800,"Census Tract 128, Essex County, New Jersey",591881,0,40.7166693,-74.2311506,3817,47808,4.7,229100,48744.68085,644.8931458,
New Jersey,Essex County,12900,"Census Tract 129, Essex County, New Jersey",487518,5417,40.72251,-74.2270789,2732,43125,4.7,228300,48574.46809,560.3895651,
New Jersey,Essex County,1300,"Census Tract 13, Essex County, New Jersey",223279,0,40.7422664,-74.1943619,1763,32833,5,233700,46740,789.5950806,
New Jersey,Essex County,13000,"Census Tract 130, Essex County, New Jersey",107001,0,40.7302284,-74.2210033,2294,45526,2.8,,0,2143.905197,
New Jersey,Essex County,13100,"Census Tract 131, Essex County, New Jersey",719051,0,40.7223259,-74.2211684,1661,24222,5.1,223000,43725.4902,230.9989138,
New Jersey,Essex County,13200,"Census Tract 132, Essex County, New Jersey",324085,0,40.7321878,-74.2173379,2959,31875,4.5,242600,53911.11111,913.0320749,
New Jersey,Essex County,13300,"Census Tract 133, Essex County, New Jersey",418280,0,40.7384114,-74.2139557,3183,37390,4.3,224400,52186.04651,760.9735106,
New Jersey,Essex County,13400,"Census Tract 134, Essex County, New Jersey",1556380,5828,40.8297681,-74.1589109,4133,104203,6.8,440600,64794.11765,265.5521145,
New Jersey,Essex County,13500,"Census Tract 135, Essex County, New Jersey",1533226,12834,40.8217242,-74.1497848,4441,88015,6.3,470800,74730.15873,289.6507103,
New Jersey,Essex County,13600,"Census Tract 136, Essex County, New Jersey",1702340,86033,40.8141342,-74.1411974,5027,69330,4.7,377000,80212.76596,295.2994114,
New Jersey,Essex County,13700,"Census Tract 137, Essex County, New Jersey",1171910,8937,40.8125569,-74.1575153,5307,50409,4.8,403900,84145.83333,452.8504749,
New Jersey,Essex County,13800,"Census Tract 138, Essex County, New Jersey",1300515,0,40.8220182,-74.1660219,4339,86719,6.6,407800,61787.87879,333.6370592,
New Jersey,Essex County,13900,"Census Tract 139, Essex County, New Jersey",1499573,0,40.8142422,-74.1731143,4773,82692,6.2,386900,62403.22581,318.2906067,
New Jersey,Essex County,1400,"Census Tract 14, Essex County, New Jersey",332961,0,40.7431139,-74.1985577,2627,26885,4.9,277300,56591.83673,788.9812921,
New Jersey,Essex County,14000,"Census Tract 140, Essex County, New Jersey",1281765,0,40.8008456,-74.1737271,3999,71512,5.7,331300,58122.80702,311.9916677,
New Jersey,Essex County,14100,"Census Tract 141, Essex County, New Jersey",1079925,0,40.8002837,-74.166167,3941,59196,5.8,339000,58448.27586,364.93275,
New Jersey,Essex County,14200,"Census Tract 142, Essex County, New Jersey",903263,0,40.8016165,-74.1582863,3805,85149,6.1,339400,55639.34426,421.2505106,
New Jersey,Essex County,14300,"Census Tract 143, Essex County, New Jersey",842474,0,40.8004895,-74.1508668,5757,64410,5.7,346100,60719.29825,683.3445305,
New Jersey,Essex County,14400,"Census Tract 144, Essex County, New Jersey",1578869,113863,40.7936725,-74.1456409,3812,55047,3.8,233300,61394.73684,241.4386501,
New Jersey,Essex County,14500,"Census Tract 145, Essex County, New Jersey",920776,10326,40.7873114,-74.1609449,4212,49571,4,303900,75975,457.4402461,
New Jersey,Essex County,14600,"Census Tract 146, Essex County, New Jersey",735929,8784,40.7920348,-74.1589486,4140,71722,5.2,331700,63788.46154,562.5542681,
New Jersey,Essex County,14700,"Census Tract 147, Essex County, New Jersey",1308010,20590,40.7851938,-74.1790842,6082,54089,3.9,283700,72743.58974,464.9811546,
New Jersey,Essex County,14800,"Census Tract 148, Essex County, New Jersey",1712918,3155,40.8357391,-74.1843536,3371,111328,7,430700,61528.57143,196.7986792,
New Jersey,Essex County,14900,"Census Tract 149, Essex County, New Jersey",2092897,7757,40.8358522,-74.1731551,4534,99091,6.6,380700,57681.81818,216.6375125,
New Jersey,Essex County,1500,"Census Tract 15, Essex County, New Jersey",239578,0,40.7462573,-74.1918559,2284,29911,4.6,184800,40173.91304,953.3429614,
New Jersey,Essex County,15000,"Census Tract 150, Essex County, New Jersey",1398282,10397,40.8198567,-74.1890077,3427,75889,5.6,374400,66857.14286,245.0864704,
New Jersey,Essex County,15100,"Census Tract 151, Essex County, New Jersey",1130671,9919,40.8181717,-74.1849322,4382,85444,5.5,348500,63363.63636,387.5574769,
New Jersey,Essex County,15200,"Census Tract 152, Essex County, New Jersey",935997,0,40.8063814,-74.1879326,3451,61806,4.9,353000,72040.81633,368.6977629,
New Jersey,Essex County,15300,"Census Tract 153, Essex County, New Jersey",1092857,0,40.8020866,-74.1821197,2718,52615,3.3,427600,129575.7576,248.7059149,
New Jersey,Essex County,15400,"Census Tract 154, Essex County, New Jersey",1280958,2343,40.8005189,-74.1955714,5366,58203,4.3,358200,83302.32558,418.9052256,
New Jersey,Essex County,15500,"Census Tract 155, Essex County, New Jersey",849165,15305,40.7922067,-74.187749,4039,71903,4.9,342600,69918.36735,475.6437206,
New Jersey,Essex County,15600,"Census Tract 156, Essex County, New Jersey",997737,13694,40.7890843,-74.2027139,4524,50943,4.3,313400,72883.72093,453.4261033,
New Jersey,Essex County,15700,"Census Tract 157, Essex County, New Jersey",583868,0,40.7838257,-74.1964374,1880,40777,4.4,342400,77818.18182,321.9905869,
New Jersey,Essex County,15800,"Census Tract 158, Essex County, New Jersey",761202,436,40.7846411,-74.1882073,3990,50515,4.5,338800,75288.88889,524.1709822,
New Jersey,Essex County,15900,"Census Tract 159, Essex County, New Jersey",906536,0,40.7763183,-74.1915247,5420,50688,4.9,351300,71693.87755,597.8802827,
New Jersey,Essex County,1600,"Census Tract 16, Essex County, New Jersey",245571,0,40.750825,-74.1928447,1873,33591,4.8,240600,50125,762.7122095,
New Jersey,Essex County,16000,"Census Tract 160, Essex County, New Jersey",3319538,12131,40.8047983,-74.2045689,7441,160511,8.5,605700,71258.82353,224.1576991,
New Jersey,Essex County,16100,"Census Tract 161, Essex County, New Jersey",2136489,0,40.8508224,-74.2037925,3178,158654,8,672800,84100,148.7487181,
New Jersey,Essex County,16200,"Census Tract 162, Essex County, New Jersey",1953114,1990,40.8458831,-74.1927901,3276,172222,8.4,671200,79904.7619,167.7321447,
New Jersey,Essex County,16300,"Census Tract 163, Essex County, New Jersey",1519008,0,40.8348849,-74.2000695,3649,151080,7.9,657200,83189.87342,240.2225663,
New Jersey,Essex County,16400,"Census Tract 164, Essex County, New Jersey",2315806,12537,40.8322408,-74.2158366,3757,148403,8.2,680100,82939.02439,162.2329332,
New Jersey,Essex County,16500,"Census Tract 165, Essex County, New Jersey",1679503,0,40.8232421,-74.204528,4189,134625,8.3,644400,77638.55422,249.4190246,
New Jersey,Essex County,16600,"Census Tract 166, Essex County, New Jersey",668298,0,40.8200922,-74.214169,3115,83885,4.7,467100,99382.97872,466.1094302,
New Jersey,Essex County,16700,"Census Tract 167, Essex County, New Jersey",516408,0,40.8112798,-74.2087415,2217,56156,3.7,329200,88972.97297,429.311707,
New Jersey,Essex County,16800,"Census Tract 168, Essex County, New Jersey",749939,0,40.8151507,-74.2183191,3010,71589,4.1,332100,81000,401.3659778,
New Jersey,Essex County,16900,"Census Tract 169, Essex County, New Jersey",2256328,0,40.8094167,-74.2291038,3015,120063,9,954000,106000,133.6241894,
New Jersey,Essex County,1700,"Census Tract 17, Essex County, New Jersey",297760,0,40.7506814,-74.197764,1860,26034,5,217000,43400,624.6641591,
New Jersey,Essex County,17000,"Census Tract 170, Essex County, New Jersey",1070048,0,40.8053947,-74.2200399,2949,72044,4.9,525400,107224.4898,275.5951135,
New Jersey,Essex County,17100,"Census Tract 171, Essex County, New Jersey",437565,3552,40.8060523,-74.211757,2481,32750,4.4,331300,75295.45455,567.0014741,
New Jersey,Essex County,17200,"Census Tract 172, Essex County, New Jersey",1030702,0,40.7955828,-74.2198604,2803,64278,6.1,381900,62606.55738,271.9505735,
New Jersey,Essex County,17301,"Census Tract 173.01, Essex County, New Jersey",4421713,11471,40.8131988,-74.267498,5479,122724,7.2,438300,60875,123.9112534,
New Jersey,Essex County,17302,"Census Tract 173.02, Essex County, New Jersey",6399920,1453,40.7851004,-74.2825296,6027,86212,5.9,440000,74576.27119,94.17305216,
New Jersey,Essex County,17400,"Census Tract 174, Essex County, New Jersey",7200322,30558,40.8032445,-74.2530694,5655,97917,6.6,394000,59696.9697,78.53815427,
New Jersey,Essex County,17500,"Census Tract 175, Essex County, New Jersey",4649705,23765,40.7872164,-74.2461361,5732,101080,5.8,438600,75620.68966,123.276638,
New Jersey,Essex County,17600,"Census Tract 176, Essex County, New Jersey",808257,0,40.7931915,-74.2318321,4519,58714,4.7,330400,70297.87234,559.1043443,
New Jersey,Essex County,17700,"Census Tract 177, Essex County, New Jersey",982906,2319,40.7864993,-74.2307473,4563,49492,4.7,339100,72148.93617,464.2356441,
New Jersey,Essex County,17800,"Census Tract 178, Essex County, New Jersey",616951,0,40.7728558,-74.2435605,3573,36359,4.4,319900,72704.54545,579.1383757,
New Jersey,Essex County,17900,"Census Tract 179, Essex County, New Jersey",1173596,0,40.7674035,-74.2535872,3765,121959,7.2,410200,56972.22222,320.8088644,
New Jersey,Essex County,1800,"Census Tract 18, Essex County, New Jersey",704590,0,40.7449722,-74.2038116,1404,32917,4.9,216700,44224.4898,199.2648207,
New Jersey,Essex County,18000,"Census Tract 180, Essex County, New Jersey",4944647,254763,40.7695366,-74.2668022,6429,125893,7.9,482500,61075.94937,130.0193927,
New Jersey,Essex County,18100,"Census Tract 181, Essex County, New Jersey",558684,0,40.784117,-74.2237509,1980,41029,4.1,366700,89439.02439,354.4042786,
New Jersey,Essex County,18200,"Census Tract 182, Essex County, New Jersey",479061,0,40.7788079,-74.2284632,4212,38254,3.7,272300,73594.59459,879.2199741,
New Jersey,Essex County,18300,"Census Tract 183, Essex County, New Jersey",580102,0,40.7748661,-74.2301441,4930,35714,3.6,315400,87611.11111,849.8505435,
New Jersey,Essex County,18400,"Census Tract 184, Essex County, New Jersey",434656,0,40.7680427,-74.2244464,1849,40357,4.5,261300,58066.66667,425.3938747,
New Jersey,Essex County,18600,"Census Tract 186, Essex County, New Jersey",1004427,0,40.770015,-74.2345976,3652,39050,4.2,265400,63190.47619,363.5903854,
New Jersey,Essex County,18700,"Census Tract 187, Essex County, New Jersey",840460,5154,40.7634508,-74.2354065,5416,34740,3.5,313100,89457.14286,644.4090141,
New Jersey,Essex County,18800,"Census Tract 188, Essex County, New Jersey",1250505,0,40.7579315,-74.2429246,4405,69571,5.4,365400,67666.66667,352.2576879,
New Jersey,Essex County,18900,"Census Tract 189, Essex County, New Jersey",546567,0,40.7635181,-74.2474279,3945,38916,4.2,222900,53071.42857,721.7779339,
New Jersey,Essex County,1900,"Census Tract 19, Essex County, New Jersey",717473,0,40.745388,-74.2134847,2321,26587,4.7,419000,89148.93617,323.4964939,
New Jersey,Essex County,19000,"Census Tract 190, Essex County, New Jersey",3042567,1271,40.7544519,-74.2692675,4500,165192,8.3,664500,80060.24096,147.9014267,
New Jersey,Essex County,19100,"Census Tract 191, Essex County, New Jersey",2196145,0,40.7501694,-74.2482778,3784,152917,8.4,572800,68190.47619,172.30192,
New Jersey,Essex County,19200,"Census Tract 192, Essex County, New Jersey",1025781,0,40.741882,-74.2523723,4420,101081,6.1,444700,72901.63934,430.8911941,
New Jersey,Essex County,19300,"Census Tract 193, Essex County, New Jersey",1130924,4806,40.7419348,-74.2649121,3516,81667,4.9,398400,81306.12245,310.8962229,
New Jersey,Essex County,19400,"Census Tract 194, Essex County, New Jersey",3080186,5604,40.7461025,-74.287669,2850,206607,8.3,658000,79277.10843,92.52687987,
New Jersey,Essex County,19500,"Census Tract 195, Essex County, New Jersey",1511299,0,40.7306678,-74.2650858,4123,141411,8.1,571600,70567.90123,272.8116673,
New Jersey,Essex County,19600,"Census Tract 196, Essex County, New Jersey",1607434,0,40.7297713,-74.2528592,6269,86518,6.1,365500,59918.03279,390.0004604,
New Jersey,Essex County,19700,"Census Tract 197, Essex County, New Jersey",1248742,0,40.7186695,-74.2597556,5362,57525,5.5,337900,61436.36364,429.3921402,
New Jersey,Essex County,19800,"Census Tract 198, Essex County, New Jersey",846182,0,40.7225936,-74.2722638,2425,102228,7.4,499800,67540.54054,286.5813737,
New Jersey,Essex County,19900,"Census Tract 199, Essex County, New Jersey",1748773,0,40.7305128,-74.2813434,2704,174474,8,740200,92525,154.6226983,
New Jersey,Essex County,200,"Census Tract 2, Essex County, New Jersey",761917,22300,40.7715097,-74.1772585,2347,18385,3.1,284500,91774.19355,308.0388021,
New Jersey,Essex County,2000,"Census Tract 20, Essex County, New Jersey",392371,0,40.7486151,-74.2320829,4205,37314,4.7,260400,55404.25532,1071.689804,
New Jersey,Essex County,20000,"Census Tract 200, Essex County, New Jersey",9087840,1308996,40.7396646,-74.3425212,5858,218224,9,1000001,111111.2222,64.45976162,
New Jersey,Essex County,20100,"Census Tract 201, Essex County, New Jersey",10567361,119653,40.7459386,-74.312365,5063,250001,9,1000001,111111.2222,47.91167823,
New Jersey,Essex County,20200,"Census Tract 202, Essex County, New Jersey",2140084,1319,40.7247741,-74.2951168,4715,130786,7.3,646400,88547.94521,220.3184548,
New Jersey,Essex County,20300,"Census Tract 203, Essex County, New Jersey",2349752,3972,40.7227534,-74.3184332,4322,91250,5.2,737800,141884.6154,183.9343046,
New Jersey,Essex County,20400,"Census Tract 204, Essex County, New Jersey",6551929,50581,40.8047189,-74.3334476,4665,130398,7.5,610300,81373.33333,71.20040525,
New Jersey,Essex County,20500,"Census Tract 205, Essex County, New Jersey",6665668,3126,40.799098,-74.300188,7623,153056,7.8,637900,81782.05128,114.3621314,
New Jersey,Essex County,20600,"Census Tract 206, Essex County, New Jersey",5595270,2745,40.7730016,-74.3110658,5170,142167,7.6,639100,84092.10526,92.39947313,
New Jersey,Essex County,20700,"Census Tract 207, Essex County, New Jersey",2449895,4213,40.7855701,-74.3221619,4328,115144,6.9,442400,64115.94203,176.6606324,
New Jersey,Essex County,20800,"Census Tract 208, Essex County, New Jersey",14397482,751148,40.7766704,-74.3447536,7024,125563,7.2,597800,83027.77778,48.78630861,
New Jersey,Essex County,20901,"Census Tract 209.01, Essex County, New Jersey",3657470,15289,40.8281268,-74.276197,2096,182031,8.5,917000,107882.3529,57.30737368,
New Jersey,Essex County,20902,"Census Tract 209.02, Essex County, New Jersey",9165263,53684,40.8198606,-74.3101675,5686,100289,6.6,590800,89515.15152,62.03859071,
New Jersey,Essex County,2100,"Census Tract 21, Essex County, New Jersey",438124,0,40.7432011,-74.2346147,3532,58603,5.8,261600,45103.44828,806.1644649,
New Jersey,Essex County,21000,"Census Tract 210, Essex County, New Jersey",3062264,2460,40.8413229,-74.2524229,4798,89514,6.2,481900,77725.80645,156.6814618,
New Jersey,Essex County,21100,"Census Tract 211, Essex County, New Jersey",1864428,1374,40.8318192,-74.2328359,5055,87955,5.8,386100,66568.96552,271.1287322,
New Jersey,Essex County,21200,"Census Tract 212, Essex County, New Jersey",2209868,50540,40.8242607,-74.2419146,3444,101250,6.7,522000,77910.44776,155.8464125,
New Jersey,Essex County,21300,"Census Tract 213, Essex County, New Jersey",5981607,7198,40.8617217,-74.2390568,5475,99659,6.9,485700,70391.30435,91.53058701,
New Jersey,Essex County,21400,"Census Tract 214, Essex County, New Jersey",5032009,318765,40.8500862,-74.2189772,6837,94281,6.7,516400,77074.62687,135.8701862,
New Jersey,Essex County,21601,"Census Tract 216.01, Essex County, New Jersey",26667305,425766,40.8825075,-74.3045934,7369,97361,7.4,607200,82054.05405,27.63308853,
New Jersey,Essex County,21602,"Census Tract 216.02, Essex County, New Jersey",7799394,11722,40.8644962,-74.2599886,6359,151953,9,745800,82866.66667,81.53197543,
New Jersey,Essex County,21701,"Census Tract 217.01, Essex County, New Jersey",1181319,0,40.84164,-74.2737003,3485,80125,5.4,491500,91018.51852,295.0092227,
New Jersey,Essex County,21702,"Census Tract 217.02, Essex County, New Jersey",1837750,3709,40.8344922,-74.2850477,4260,75330,5.2,498600,95884.61538,231.8051966,
New Jersey,Essex County,21801,"Census Tract 218.01, Essex County, New Jersey",3553297,26716,40.8375617,-74.3094878,2696,125938,7.7,552600,71766.23377,75.87319608,
New Jersey,Essex County,21802,"Census Tract 218.02, Essex County, New Jersey",7261994,11250,40.8559244,-74.3000501,3696,79550,6.6,450700,68287.87879,50.89511228,
New Jersey,Essex County,21803,"Census Tract 218.03, Essex County, New Jersey",2276118,0,40.8491905,-74.2737974,4380,104566,7.2,469100,65152.77778,192.4329055,
New Jersey,Essex County,2201,"Census Tract 22.01, Essex County, New Jersey",558637,0,40.7376722,-74.2452546,7211,51291,3.9,323600,82974.35897,1290.820336,
New Jersey,Essex County,2202,"Census Tract 22.02, Essex County, New Jersey",387241,0,40.7353296,-74.2400626,3835,44928,5.2,284300,54673.07692,990.3393494,
New Jersey,Essex County,22700,"Census Tract 227, Essex County, New Jersey",499221,0,40.7226675,-74.187981,2979,15200,4,400000,100000,596.7297049,
New Jersey,Essex County,22800,"Census Tract 228, Essex County, New Jersey",316966,0,40.7333862,-74.1842925,1793,16286,3.6,194300,53972.22222,565.6758138,
New Jersey,Essex County,22900,"Census Tract 229, Essex County, New Jersey",1187966,47236,40.7451733,-74.1717156,3604,27222,3.5,319400,91257.14286,303.3756858,
New Jersey,Essex County,2300,"Census Tract 23, Essex County, New Jersey",499772,0,40.7386671,-74.2321666,5265,50942,5.5,222000,40363.63636,1053.480387,
New Jersey,Essex County,23000,"Census Tract 230, Essex County, New Jersey",368189,0,40.7366357,-74.1938688,2818,16542,3.5,187300,53514.28571,765.3677867,
New Jersey,Essex County,23100,"Census Tract 231, Essex County, New Jersey",478032,0,40.7349696,-74.2058431,2089,40167,5,262900,52580,437.0000335,
New Jersey,Essex County,23200,"Census Tract 232, Essex County, New Jersey",524749,0,40.7187885,-74.1936395,3239,26759,4.8,322500,67187.5,617.247484,
New Jersey,Essex County,2400,"Census Tract 24, Essex County, New Jersey",387201,0,40.7417852,-74.2261349,3868,41716,5.1,183100,35901.96078,998.9643622,
New Jersey,Essex County,2500,"Census Tract 25, Essex County, New Jersey",380958,0,40.7437904,-74.2209188,3726,50742,5,261600,52320,978.0605736,
New Jersey,Essex County,2600,"Census Tract 26, Essex County, New Jersey",206993,0,40.7397889,-74.2086437,1851,28587,4.2,202800,48285.71429,894.2331383,
New Jersey,Essex County,2800,"Census Tract 28, Essex County, New Jersey",214166,0,40.7359372,-74.2008767,1574,42632,4.9,251000,51224.4898,734.943922,
New Jersey,Essex County,300,"Census Tract 3, Essex County, New Jersey",328040,0,40.7772757,-74.1782714,3253,17793,3.4,332700,97852.94118,991.6473601,
New Jersey,Essex County,3100,"Census Tract 31, Essex County, New Jersey",267907,0,40.73178,-74.1923583,1716,36791,4.9,241700,49326.53061,640.5207777,
New Jersey,Essex County,3500,"Census Tract 35, Essex County, New Jersey",253582,0,40.7332985,-74.2116668,2050,48309,5,278400,55680,808.4170012,
New Jersey,Essex County,3700,"Census Tract 37, Essex County, New Jersey",329235,0,40.7287221,-74.2078107,2112,34318,5,246200,49240,641.4870837,
New Jersey,Essex County,3800,"Census Tract 38, Essex County, New Jersey",573574,0,40.730776,-74.1997609,2286,39364,5,222200,44440,398.5536304,
New Jersey,Essex County,3900,"Census Tract 39, Essex County, New Jersey",308176,0,40.7270499,-74.1945932,1932,15364,4,212500,53125,626.9144904,
New Jersey,Essex County,400,"Census Tract 4, Essex County, New Jersey",179070,0,40.7743302,-74.1828893,2462,43125,4.3,244300,56813.95349,1374.881331,
New Jersey,Essex County,4100,"Census Tract 41, Essex County, New Jersey",347849,0,40.7246107,-74.2059732,2882,39167,5.6,250800,44785.71429,828.5204212,
New Jersey,Essex County,4200,"Census Tract 42, Essex County, New Jersey",290547,0,40.7256758,-74.2134293,2459,29271,5.5,243300,44236.36364,846.3346722,
New Jersey,Essex County,4300,"Census Tract 43, Essex County, New Jersey",377307,0,40.7186473,-74.2182756,2472,31728,4.7,309600,65872.34043,655.1693979,
New Jersey,Essex County,4400,"Census Tract 44, Essex County, New Jersey",221030,0,40.7142523,-74.2167455,1445,27311,4.7,237500,50531.91489,653.7574085,
New Jersey,Essex County,4500,"Census Tract 45, Essex County, New Jersey",504535,0,40.7108081,-74.223074,3145,44219,5.3,244900,46207.54717,623.3462495,
New Jersey,Essex County,4600,"Census Tract 46, Essex County, New Jersey",409432,0,40.7096952,-74.2159387,3756,43158,5,277300,55460,917.3684519,
New Jersey,Essex County,4700,"Census Tract 47, Essex County, New Jersey",590380,0,40.705261,-74.2125696,4703,39980,5,272400,54480,796.6055761,
New Jersey,Essex County,4801,"Census Tract 48.01, Essex County, New Jersey",168256,0,40.710853,-74.2020153,2350,33561,4,213500,53375,1396.681248,
New Jersey,Essex County,4802,"Census Tract 48.02, Essex County, New Jersey",2363973,0,40.6993901,-74.2028721,3481,9702,3.2,333800,104312.5,147.2521048,
New Jersey,Essex County,4900,"Census Tract 49, Essex County, New Jersey",394145,0,40.7092562,-74.2070888,3424,44350,4.7,293900,62531.91489,868.7158279,
New Jersey,Essex County,500,"Census Tract 5, Essex County, New Jersey",207629,0,40.7679858,-74.1836562,1932,60071,4.9,297200,60653.06122,930.5058542,
New Jersey,Essex County,5000,"Census Tract 50, Essex County, New Jersey",796352,0,40.7149849,-74.1977891,2669,28719,4.9,276700,56469.38776,335.153299,
New Jersey,Essex County,5100,"Census Tract 51, Essex County, New Jersey",309075,0,40.714565,-74.2068192,2231,38077,4.9,297200,60653.06122,721.8312707,
New Jersey,Essex County,5200,"Census Tract 52, Essex County, New Jersey",268530,0,40.7191651,-74.2131892,948,67045,5.9,327100,55440.67797,353.0331807,
New Jersey,Essex County,5300,"Census Tract 53, Essex County, New Jersey",320432,0,40.7192042,-74.2091294,2612,45192,5.2,255100,49057.69231,815.1495481,
New Jersey,Essex County,5400,"Census Tract 54, Essex County, New Jersey",351902,0,40.7200828,-74.2032277,3528,26204,4.7,274500,58404.25532,1002.551847,
New Jersey,Essex County,5700,"Census Tract 57, Essex County, New Jersey",865359,0,40.7182931,-74.1846032,2888,35846,4.6,387500,84239.13043,333.734323,
New Jersey,Essex County,600,"Census Tract 6, Essex County, New Jersey",330148,0,40.7685941,-74.1872682,3965,44244,4.8,328100,68354.16667,1200.976532,
New Jersey,Essex County,6200,"Census Tract 62, Essex County, New Jersey",235827,0,40.7296971,-74.1862308,2156,37318,4.3,213000,49534.88372,914.2294987,
New Jersey,Essex County,6400,"Census Tract 64, Essex County, New Jersey",309845,0,40.7375915,-74.1840037,1059,65972,4.8,288900,60187.5,341.7837951,
New Jersey,Essex County,6600,"Census Tract 66, Essex County, New Jersey",161941,0,40.7270641,-74.1871371,1468,28929,3.8,187500,49342.10526,906.5029857,
New Jersey,Essex County,6700,"Census Tract 67, Essex County, New Jersey",327237,0,40.7253457,-74.1800817,3699,13624,3.4,383900,112911.7647,1130.373399,
New Jersey,Essex County,6800,"Census Tract 68, Essex County, New Jersey",1170423,0,40.7190961,-74.1737601,4710,31026,4.2,342100,81452.38095,402.4186128,
New Jersey,Essex County,6900,"Census Tract 69, Essex County, New Jersey",360629,0,40.723641,-74.1663917,4087,46769,4.1,333700,81390.2439,1133.297655,
New Jersey,Essex County,700,"Census Tract 7, Essex County, New Jersey",679521,0,40.7593598,-74.1920289,6296,33314,4.6,257000,55869.56522,926.5350151,
New Jersey,Essex County,7000,"Census Tract 70, Essex County, New Jersey",397128,0,40.7223246,-74.1612615,3534,42509,4,375600,93900,889.8894059,
New Jersey,Essex County,7100,"Census Tract 71, Essex County, New Jersey",385730,0,40.7205046,-74.1564618,3212,48484,4.4,378500,86022.72727,832.7068156,
New Jersey,Essex County,7200,"Census Tract 72, Essex County, New Jersey",203450,0,40.7240163,-74.1537614,3504,44138,4.5,367700,81711.11111,1722.290489,
New Jersey,Essex County,7300,"Census Tract 73, Essex County, New Jersey",411984,0,40.7274682,-74.1500142,5406,59311,4.6,361300,78543.47826,1312.186881,
New Jersey,Essex County,7400,"Census Tract 74, Essex County, New Jersey",3699287,665362,40.7177554,-74.1343785,6627,46125,4.1,342900,83634.14634,179.1426294,
New Jersey,Essex County,7501,"Census Tract 75.01, Essex County, New Jersey",1962505,350311,40.7361741,-74.1332932,3769,27292,4,350000,87500,192.0504661,
New Jersey,Essex County,7502,"Census Tract 75.02, Essex County, New Jersey",1699336,82745,40.7306603,-74.1290764,3918,29328,4.4,252300,57340.90909,230.5606425,
New Jersey,Essex County,7600,"Census Tract 76, Essex County, New Jersey",194441,0,40.7300384,-74.1553919,2988,41447,3.9,356300,91358.97436,1536.712936,
New Jersey,Essex County,7700,"Census Tract 77, Essex County, New Jersey",198794,0,40.7282828,-74.1598158,2370,40261,3.9,470500,120641.0256,1192.188899,
New Jersey,Essex County,7800,"Census Tract 78, Essex County, New Jersey",197685,0,40.7272877,-74.1670687,3011,48717,4.2,354400,84380.95238,1523.130232,
New Jersey,Essex County,7900,"Census Tract 79, Essex County, New Jersey",468627,28650,40.731925,-74.1623559,4036,46134,4,413200,103300,861.2393225,
New Jersey,Essex County,800,"Census Tract 8, Essex County, New Jersey",382013,0,40.7611258,-74.1853896,4328,42100,4.7,268400,57106.38298,1132.945737,
New Jersey,Essex County,8000,"Census Tract 80, Essex County, New Jersey",849425,18325,40.7331956,-74.1685287,1588,65382,3.4,280400,82470.58824,186.9499956,
New Jersey,Essex County,8100,"Census Tract 81, Essex County, New Jersey",804919,0,40.7341239,-74.1767896,3264,20655,3,333300,111100,405.506641,
New Jersey,Essex County,8200,"Census Tract 82, Essex County, New Jersey",428711,0,40.7405666,-74.1885923,2220,18339,3.9,279100,71564.10256,517.8313596,
New Jersey,Essex County,8700,"Census Tract 87, Essex County, New Jersey",511842,17246,40.7556026,-74.1695751,4142,39648,4.3,239800,55767.44186,809.2340996,
New Jersey,Essex County,8800,"Census Tract 88, Essex County, New Jersey",156896,0,40.7528393,-74.173053,1630,38542,4.2,275000,65476.19048,1038.904752,
New Jersey,Essex County,8900,"Census Tract 89, Essex County, New Jersey",137212,0,40.7551991,-74.1755375,2342,46031,4.4,298800,67909.09091,1706.847798,
New Jersey,Essex County,900,"Census Tract 9, Essex County, New Jersey",337961,0,40.7541417,-74.1878573,3939,21689,4.5,228600,50800,1165.519098,
New Jersey,Essex County,9000,"Census Tract 90, Essex County, New Jersey",398589,58956,40.7551869,-74.1807884,2143,42895,3.7,333700,90189.18919,537.6465482,
New Jersey,Essex County,9100,"Census Tract 91, Essex County, New Jersey",442729,39927,40.761005,-74.17987,3174,39750,4.6,316400,68782.6087,716.9171209,
New Jersey,Essex County,9200,"Census Tract 92, Essex County, New Jersey",370972,34248,40.7594231,-74.16742,3303,32365,4.4,247700,56295.45455,890.3636932,
New Jersey,Essex County,9300,"Census Tract 93, Essex County, New Jersey",550923,0,40.7658747,-74.1658711,4676,32022,4.2,279100,66452.38095,848.7574489,
New Jersey,Essex County,9400,"Census Tract 94, Essex County, New Jersey",619687,0,40.7664888,-74.1730163,5362,43476,3.9,400000,102564.1026,865.2755343,
New Jersey,Essex County,9500,"Census Tract 95, Essex County, New Jersey",608705,0,40.7740854,-74.1675138,6282,38525,4.1,371300,90560.97561,1032.027008,
New Jersey,Essex County,9600,"Census Tract 96, Essex County, New Jersey",1091616,139277,40.7728434,-74.1584934,3862,31400,4.6,358000,77826.08696,353.7874124,
New Jersey,Essex County,9700,"Census Tract 97, Essex County, New Jersey",410689,1472,40.7772693,-74.1600205,4870,42580,3.9,329000,84358.97436,1185.812135,
New Jersey,Essex County,980100,"Census Tract 9801, Essex County, New Jersey",1428921,2226,40.713903,-74.1664153,1949,,,,#DIV/0!,136.3966237,
New Jersey,Essex County,980200,"Census Tract 9802, Essex County, New Jersey",16290987,3458022,40.6980043,-74.1564778,879,,,,#DIV/0!,5.395621518,
New Jersey,Essex County,9900,"Census Tract 99, Essex County, New Jersey",448689,0,40.7822305,-74.2183544,1939,26020,4.5,252100,56022.22222,432.1478797,
